,returns
2017-03-31 09:30:00,-0.00022679703304084864
2017-03-31 10:00:00,0.0008406513318608422
2017-03-31 10:30:00,-0.00044374916034917167
2017-03-31 11:00:00,0.0002950126872478531
2017-03-31 11:30:00,0.00010538336460297337
2017-03-31 12:00:00,0.0006841400316377477
2017-03-31 12:30:00,-5.6432369255010606e-05
2017-03-31 13:00:00,8.036307106285001e-05
2017-03-31 13:30:00,6.633267899402995e-07
2017-03-31 14:00:00,0.0010817550232598006
2017-03-31 14:30:00,0.0019033688757106315
2017-03-31 15:00:00,-0.00028412831708568564
2017-03-31 15:30:00,-0.0013993156013719643
2017-04-03 09:30:00,0.0055514887983445504
2017-04-03 10:00:00,0.0012633817869653896
2017-04-03 10:30:00,0.00010257025423587862
2017-04-03 11:00:00,-0.0002997005547140663
2017-04-03 11:30:00,0.0006235167483250592
2017-04-03 12:00:00,0.0005571217707014409
2017-04-03 12:30:00,0.00029499082667716614
2017-04-03 13:00:00,9.911772014659093e-05
2017-04-03 13:30:00,0.0003471679449580378
2017-04-03 14:00:00,-0.0001835770194579256
2017-04-03 14:30:00,-0.00015749938789466622
2017-04-03 15:00:00,-0.0007210540654953856
2017-04-03 15:30:00,0.0008528627317399007
2017-04-05 09:30:00,0.002118354578976911
2017-04-05 10:00:00,0.0013406246312981374
2017-04-05 10:30:00,0.001294180952040369
2017-04-05 11:00:00,0.0011550555000190421
2017-04-05 11:30:00,0.0015806245309983868
2017-04-05 12:00:00,0.00036992111066247446
2017-04-05 12:30:00,6.0699572816513836e-05
2017-04-05 13:00:00,-0.00040950763266678347
2017-04-05 13:30:00,0.0003485183495757216
2017-04-05 14:00:00,-0.00014150914080068855
2017-04-05 14:30:00,-8.808471999544043e-05
2017-04-05 15:00:00,0.0011235963900366741
2017-04-05 15:30:00,0.00021417478022844882
2017-04-06 09:30:00,-0.0031989650920346557
2017-04-06 10:00:00,0.00021543058343809207
2017-04-06 10:30:00,-0.0005498542029176434
2017-04-06 11:00:00,-0.0023462299262702047
2017-04-06 11:30:00,2.745618112709458e-05
2017-04-06 12:00:00,0.0006232296259740533
2017-04-06 12:30:00,0.0015925892335009184
2017-04-06 13:00:00,-0.001240351528637329
2017-04-06 13:30:00,0.0004317215760345494
2017-04-06 14:00:00,0.000609687935008596
2017-04-06 14:30:00,0.00025927251734447765
2017-04-06 15:00:00,0.0031787563411653785
2017-04-06 15:30:00,0.0026421545439587746
2017-04-07 09:30:00,-0.0017583204792136486
2017-04-07 10:00:00,0.0022566664217225085
2017-04-07 10:30:00,0.0006011777149783626
2017-04-07 11:00:00,0.0011568994631852014
2017-04-07 11:30:00,-0.00046813202142326205
2017-04-07 12:00:00,-0.0007958212582777069
2017-04-07 12:30:00,-3.199612910309568e-05
2017-04-07 13:00:00,0.0004221655779284017
2017-04-07 13:30:00,0.0013871826118712072
2017-04-07 14:00:00,-0.00011064390268034074
2017-04-07 14:30:00,0.00015003045105688173
2017-04-07 15:00:00,-0.004181696163148341
2017-04-07 15:30:00,-0.004821712898396169
2017-04-10 09:30:00,0.0032946550190122714
2017-04-10 10:00:00,-0.0021121887637463033
2017-04-10 10:30:00,0.0014082122140219866
2017-04-10 11:00:00,0.0005407563007926441
2017-04-10 11:30:00,0.0010788734830236013
2017-04-10 12:00:00,-0.00036043158360343774
2017-04-10 12:30:00,-0.0009746734425527537
2017-04-10 13:00:00,-0.0005067966377790833
2017-04-10 13:30:00,-0.0015792174191729957
2017-04-10 14:00:00,0.001613202848605333
2017-04-10 14:30:00,0.000754636011242038
2017-04-10 15:00:00,0.0007500218364671074
2017-04-10 15:30:00,-0.0006735454964944543
2017-04-11 09:30:00,0.0012440814165928238
2017-04-11 10:00:00,0.0015129717970256973
2017-04-11 10:30:00,0.0007973549467739094
2017-04-11 11:00:00,0.0015601448142834595
2017-04-11 11:30:00,-0.00012840194034735575
2017-04-11 12:00:00,-0.0025324054886063374
2017-04-11 12:30:00,-0.0003125810414552621
2017-04-11 13:00:00,-0.0001717689175977366
2017-04-11 13:30:00,9.042918659663002e-05
2017-04-11 14:00:00,0.000345500102365337
2017-04-11 14:30:00,-0.000550137098731085
2017-04-11 15:00:00,0.0015003435782252605
2017-04-11 15:30:00,0.0006413316069779906
2017-04-12 09:30:00,0.0031097466167744336
2017-04-12 10:00:00,-0.007064257785958539
2017-04-12 10:30:00,-0.006097150626214187
2017-04-12 11:00:00,0.0022787474328389568
2017-04-12 11:30:00,0.0004445968877213602
2017-04-12 12:00:00,-4.450151071777597e-05
2017-04-12 12:30:00,0.001119199675388316
2017-04-12 13:00:00,0.0020439765823110356
2017-04-12 13:30:00,-5.648901240840054e-05
2017-04-12 14:00:00,-0.00021026297202519917
2017-04-12 14:30:00,-0.001442301544097191
2017-04-12 15:00:00,-0.0015654909496289893
2017-04-12 15:30:00,0.0002467678446536059
2017-04-13 09:30:00,-0.001040041261587854
2017-04-13 10:00:00,0.0005835917821270797
2017-04-13 10:30:00,0.0015815855036711568
2017-04-13 11:00:00,-9.723551471574332e-05
2017-04-13 11:30:00,5.9689782654359647e-05
2017-04-13 12:00:00,0.0010867199953490392
2017-04-13 12:30:00,-0.0006410068577760164
2017-04-13 13:00:00,-0.0016799729277600095
2017-04-13 13:30:00,0.0009573499284829534
2017-04-13 14:00:00,-0.0002750756963546541
2017-04-13 14:30:00,0.0010258167668331097
2017-04-13 15:00:00,-0.002406689478215762
2017-04-13 15:30:00,-0.0005225072320867996
2017-04-17 09:30:00,-0.00017425774887225298
2017-04-17 10:00:00,-0.0019739914798665437
2017-04-17 10:30:00,0.003765577205160575
2017-04-17 11:00:00,0.0016397572756405854
2017-04-17 11:30:00,0.0011805977588204009
2017-04-17 12:00:00,-0.002200945333121873
2017-04-17 12:30:00,-0.00047519259446671125
2017-04-17 13:00:00,0.0002110911512500646
2017-04-17 13:30:00,-3.265586425538203e-05
2017-04-17 14:00:00,-9.348949324416989e-05
2017-04-17 14:30:00,0.0018887874265884896
2017-04-17 15:00:00,0.0013553506326196008
2017-04-17 15:30:00,0.003066870413003464
2017-04-18 09:30:00,0.008590429695492618
2017-04-18 10:00:00,0.0037686408768677904
2017-04-18 10:30:00,0.0012387207293109714
2017-04-18 11:00:00,0.0009017415253322891
2017-04-18 11:30:00,0.00013180105046184387
2017-04-18 12:00:00,0.0003844854293835187
2017-04-18 12:30:00,-0.00040754237906281965
2017-04-18 13:00:00,-0.0015080491600288903
2017-04-18 13:30:00,-0.0038648120925622864
2017-04-18 14:00:00,-0.0025638691726397322
2017-04-18 14:30:00,0.0005731161929480866
2017-04-18 15:00:00,-0.00669371663269791
2017-04-18 15:30:00,-0.006252949960886434
2017-04-19 09:30:00,0.0009499770264058682
2017-04-19 10:00:00,-0.001654512781078199
2017-04-19 10:30:00,0.0013264123895664337
2017-04-19 11:00:00,0.0017186092205949688
2017-04-19 11:30:00,0.0008458687322416836
2017-04-19 12:00:00,-0.001981760292535384
2017-04-19 12:30:00,0.0007793955047048495
2017-04-19 13:00:00,0.0011279211322261506
2017-04-19 13:30:00,-0.0017607086135924543
2017-04-19 14:00:00,0.0007982942032178642
2017-04-19 14:30:00,-0.00022331203970793467
2017-04-19 15:00:00,0.00045968609769420077
2017-04-19 15:30:00,0.002409884323287148
2017-04-20 09:30:00,0.006315237997983836
2017-04-20 10:00:00,-0.00090107667636663
2017-04-20 10:30:00,-0.0006251436177758807
2017-04-20 11:00:00,0.0016240945288186204
2017-04-20 11:30:00,0.00015716001109855604
2017-04-20 12:00:00,0.0005311175080027208
2017-04-20 12:30:00,0.0003627100232095337
2017-04-20 13:00:00,-0.0013639671738563397
2017-04-20 13:30:00,0.0002787046402263904
2017-04-20 14:00:00,-0.0008150118249176108
2017-04-20 14:30:00,0.0008894610355263399
2017-04-20 15:00:00,6.009679012208835e-05
2017-04-20 15:30:00,0.0011586842252355734
2017-04-21 09:30:00,0.0062576386680099905
2017-04-21 10:00:00,7.194108409946942e-05
2017-04-21 10:30:00,0.00046237125366443976
2017-04-21 11:00:00,-1.8091983577495085e-05
2017-04-21 11:30:00,0.0007365329674093868
2017-04-21 12:00:00,-0.0004087575816531519
2017-04-21 12:30:00,-0.0015209825498683216
2017-04-21 13:00:00,-0.0010217754601435924
2017-04-21 13:30:00,-0.003415238948800914
2017-04-21 14:00:00,0.0004099538638935307
2017-04-21 14:30:00,-0.0015385836533371444
2017-04-21 15:00:00,0.0031865085216651323
2017-04-21 15:30:00,0.0003021129604940942
2017-04-24 09:30:00,0.005075853716849821
2017-04-24 10:00:00,0.000985616807996026
2017-04-24 10:30:00,0.0014700344885010264
2017-04-24 11:00:00,0.00026553317940414267
2017-04-24 11:30:00,0.0014195377696286648
2017-04-24 12:00:00,0.000694294394099737
2017-04-24 12:30:00,4.318868283292865e-05
2017-04-24 13:00:00,0.001672248017197342
2017-04-24 13:30:00,0.0004556726016806678
2017-04-24 14:00:00,0.0016528011318213132
2017-04-24 14:30:00,0.0005433185865417745
2017-04-24 15:00:00,-0.0013829331332650963
2017-04-24 15:30:00,0.0007488045879093796
2017-04-25 09:30:00,0.00742096852730012
2017-04-25 10:00:00,-0.0005836328782368172
2017-04-25 10:30:00,0.00023157195196632507
2017-04-25 11:00:00,0.0014301484542338372
2017-04-25 11:30:00,0.0010111692539058748
2017-04-25 12:00:00,0.0005204560850473605
2017-04-25 12:30:00,0.000778144501214717
2017-04-25 13:00:00,0.00010147869466736736
2017-04-25 13:30:00,-0.0013621259327128987
2017-04-25 14:00:00,-0.0015230581192856585
2017-04-25 14:30:00,0.0017632289260849365
2017-04-25 15:00:00,9.71958230888692e-05
2017-04-25 15:30:00,0.0009367312667067917
2017-04-26 09:30:00,0.0031506788466453273
2017-04-26 10:00:00,0.0023444701219503816
2017-04-26 10:30:00,0.0006858722124196692
2017-04-26 11:00:00,-0.0006528333387016971
2017-04-26 11:30:00,-0.0002961939951878767
2017-04-26 12:00:00,-0.00017739777994751904
2017-04-26 12:30:00,-0.0010690946790833378
2017-04-26 13:00:00,-0.0006591926671470905
2017-04-26 13:30:00,-0.0010948029173195595
2017-04-26 14:00:00,-0.000767227470605647
2017-04-26 14:30:00,-0.003969046958673728
2017-04-26 15:00:00,-0.006772254397435784
2017-04-26 15:30:00,0.00646608039226737
2017-04-27 09:30:00,0.0003355457027978126
2017-04-27 10:00:00,-0.0010348337564272114
2017-04-27 10:30:00,-0.002167714498899964
2017-04-27 11:00:00,0.0010486477955751194
2017-04-27 11:30:00,0.0015226979024061116
2017-04-27 12:00:00,0.000293035827995336
2017-04-27 12:30:00,-0.0004168759295918312
2017-04-27 13:00:00,0.0005432796001723084
2017-04-28 09:30:00,-0.0020663379325501774
2017-04-28 10:00:00,0.0017685031676677454
2017-04-28 10:30:00,0.0015421551800842703
2017-04-28 11:00:00,0.0014717025774784176
2017-04-28 11:30:00,-0.000362381918803778
2017-04-28 12:00:00,-4.422669405224067e-05
2017-04-28 12:30:00,-0.0004528307174833657
2017-04-28 13:00:00,-0.00011206135897134928
2017-04-28 13:30:00,0.00035697043240534576
2017-04-28 14:00:00,0.0001749859518729302
2017-04-28 14:30:00,-0.0008606693354122896
2017-04-28 15:00:00,2.6591996298286347e-05
2017-04-28 15:30:00,-0.0009162790380745633
2017-05-02 09:30:00,0.0005987898475361408
2017-05-02 10:00:00,0.0012141056770709202
2017-05-02 10:30:00,0.0018516979024474356
2017-05-02 11:00:00,-0.003473838356223835
2017-05-02 11:30:00,-0.004098298831830549
2017-05-02 12:00:00,0.0006877233556126239
2017-05-02 12:30:00,0.0025626991898881624
2017-05-02 13:00:00,0.0015397406885004905
2017-05-02 13:30:00,0.0010612324195768963
2017-05-02 14:00:00,0.0007284003861902644
2017-05-02 14:30:00,-0.0017735696481436802
2017-05-02 15:00:00,0.0007775670535563606
2017-05-02 15:30:00,0.001539442726503637
2017-05-03 09:30:00,0.004416908479168535
2017-05-03 10:00:00,-0.0009600422686460997
2017-05-03 10:30:00,-0.0005951401854351612
2017-05-03 11:00:00,-0.0005846224576537828
2017-05-03 11:30:00,-0.0016848766849670849
2017-05-03 12:00:00,-0.001150601692566422
2017-05-03 12:30:00,0.00012418795044388808
2017-05-03 13:00:00,-0.0009413800409864281
2017-05-03 13:30:00,0.0005247620540911324
2017-05-03 14:00:00,0.0005818235929946347
2017-05-03 14:30:00,-0.0009556035299022048
2017-05-03 15:00:00,-0.0015426482470068947
2017-05-03 15:30:00,0.00010987946349905187
2017-05-04 09:30:00,0.0022090379825259188
2017-05-04 10:00:00,-0.00040487915827847054
2017-05-04 10:30:00,0.0003252314201829254
2017-05-04 11:00:00,-0.0008236298291567357
2017-05-04 11:30:00,-0.0005375392819449987
2017-05-04 12:00:00,0.00014521782003962258
2017-05-04 12:30:00,-0.0011606811826412322
2017-05-04 13:00:00,-0.0002622160077174751
2017-05-04 13:30:00,0.0006907904923194597
2017-05-04 14:00:00,0.0009662585842729055
2017-05-04 14:30:00,0.0009784232728862197
2017-05-04 15:00:00,0.0004715715441754309
2017-05-04 15:30:00,-0.00010678397888486124
2017-05-05 09:30:00,-0.0018356831382940753
2017-05-05 10:00:00,9.589225551742686e-05
2017-05-05 10:30:00,-0.0008265436180743269
2017-05-05 11:00:00,0.0017309852153846172
2017-05-05 11:30:00,0.0010401086303941653
2017-05-05 12:00:00,-0.002179966295713709
2017-05-05 12:30:00,-0.00469071707599078
2017-05-05 13:00:00,0.001728562818076318
2017-05-05 13:30:00,-0.0027089245527534
2017-05-05 14:00:00,-0.0015343619401608777
2017-05-05 14:30:00,0.0017889778617248275
2017-05-05 15:00:00,0.000519929365280003
2017-05-05 15:30:00,-0.00043804311091644177
2017-05-08 09:30:00,0.0023039118789773827
2017-05-08 10:00:00,0.0004642896431990007
2017-05-08 10:30:00,0.0001554103223180281
2017-05-08 11:00:00,0.0012368685392076806
2017-05-08 11:30:00,0.0009702645786560105
2017-05-08 12:00:00,-0.0011688367766782282
2017-05-08 12:30:00,-0.0013133554807129855
2017-05-08 13:00:00,0.001346387927066095
2017-05-08 13:30:00,0.000306943664094117
2017-05-08 14:00:00,0.0006329417849266772
2017-05-08 14:30:00,0.0010662388698807757
2017-05-08 15:00:00,-0.00017122299479277459
2017-05-08 15:30:00,-0.0008589258098928854
2017-05-09 09:30:00,0.0016834838023329635
2017-05-09 10:00:00,-0.0017968783112831677
2017-05-09 10:30:00,-0.0004904627217310331
2017-05-09 11:00:00,-0.00034396747240039716
2017-05-09 11:30:00,0.0006217747028258724
2017-05-09 12:00:00,0.00017987875982328205
2017-05-09 12:30:00,0.00031125417346244966
2017-05-09 13:00:00,0.00037189697044603953
2017-05-09 13:30:00,0.0008056001546217217
2017-05-09 14:00:00,-0.00017139842200164512
2017-05-09 14:30:00,-0.0008961657614142693
2017-05-09 15:00:00,-0.00030395291472584685
2017-05-09 15:30:00,0.00022757299745945758
2017-05-10 09:30:00,0.005054572942102986
2017-05-10 10:00:00,0.0011987100014958507
2017-05-10 10:30:00,0.0022182238713026603
2017-05-10 11:00:00,0.001005635946830008
2017-05-10 11:30:00,0.0011794383084851034
2017-05-10 12:00:00,0.0002012648113360882
2017-05-10 12:30:00,0.0005948911374729082
2017-05-10 13:00:00,0.0005846880819444511
2017-05-10 13:30:00,0.0005806807414834303
2017-05-10 14:00:00,-8.811475934489277e-05
2017-05-10 14:30:00,0.0009103038705358113
2017-05-10 15:00:00,0.0007843142399390768
2017-05-10 15:30:00,0.0007577647684833266
2017-05-11 09:30:00,0.003931764603765098
2017-05-11 10:00:00,0.0019816557044043392
2017-05-11 10:30:00,0.00033194292813543136
2017-05-11 11:00:00,0.0014959906534393053
2017-05-11 11:30:00,-0.00043882898772718004
2017-05-11 12:00:00,-0.00012789493608389435
2017-05-11 12:30:00,0.0004819800571982391
2017-05-11 13:00:00,-0.00026138785953855326
2017-05-11 13:30:00,-0.002894301267936883
2017-05-11 14:00:00,-0.002056305684531634
2017-05-11 14:30:00,0.0004748771015246067
2017-05-11 15:00:00,-0.0004149940110723671
2017-05-11 15:30:00,-0.0015572440543702992
2017-05-12 09:30:00,9.715322220249512e-05
2017-05-12 10:00:00,-0.004447715037630862
2017-05-12 10:30:00,-3.386312743847153e-05
2017-05-12 11:00:00,0.001598181454826264
2017-05-12 11:30:00,0.0004931740306093335
2017-05-12 12:00:00,-0.0004642238585086389
2017-05-12 12:30:00,4.07762998504424e-05
2017-05-12 13:00:00,-0.0013206743788153341
2017-05-12 13:30:00,-0.00026272957242590156
2017-05-12 14:00:00,0.000808606614072227
2017-05-12 14:30:00,-0.0007568986133301703
2017-05-12 15:00:00,-0.001163195241472681
2017-05-12 15:30:00,0.0033736018325358774
2017-05-15 09:30:00,0.00516635348930139
2017-05-15 10:00:00,-0.0004465575387911924
2017-05-15 10:30:00,0.0013759653125597904
2017-05-15 11:00:00,0.0015112088853912464
2017-05-15 11:30:00,0.00027287749423887675
2017-05-15 12:00:00,0.0002972320421164021
2017-05-15 12:30:00,0.00022670776701505524
2017-05-15 13:00:00,-0.0002655775136921612
2017-05-15 13:30:00,-0.001507796642727377
2017-05-15 14:00:00,0.00028369778837378234
2017-05-15 14:30:00,0.00022198677819651458
2017-05-15 15:00:00,0.00034926517312716676
2017-05-15 15:30:00,0.0005615838122485783
2017-05-16 09:30:00,0.0030512958791439893
2017-05-16 10:00:00,0.0018996094161052302
2017-05-16 10:30:00,-0.001944647144834999
2017-05-16 11:00:00,-0.0006485257143503675
2017-05-16 11:30:00,0.0003166588306184881
2017-05-16 12:00:00,-0.00041062559834981194
2017-05-16 12:30:00,-0.0002702568719213927
2017-05-16 13:00:00,0.00038298431720362736
2017-05-16 13:30:00,0.0001928570649576411
2017-05-16 14:00:00,0.0003084146050027492
2017-05-16 14:30:00,0.0005554083812118193
2017-05-16 15:00:00,-0.0001224089104189252
2017-05-16 15:30:00,0.00044653144297779335
2017-05-17 09:30:00,-0.0025706758624018944
2017-05-17 10:00:00,0.003001052731949283
2017-05-17 10:30:00,0.0016966472140389488
2017-05-17 11:00:00,-0.0007994646723721299
2017-05-17 11:30:00,-0.0004434604375850304
2017-05-17 12:00:00,-0.0007694615635637225
2017-05-17 12:30:00,-0.00040193830688495247
2017-05-17 13:00:00,-0.0016786245284255985
2017-05-17 13:30:00,0.0012313667026500053
2017-05-17 14:00:00,0.0008265933633360145
2017-05-17 14:30:00,0.00013580337888385863
2017-05-17 15:00:00,-0.0009062369589060149
2017-05-17 15:30:00,0.0003075218041781458
2017-05-18 09:30:00,-0.005981461579283587
2017-05-18 10:00:00,-0.0016819360957432972
2017-05-18 10:30:00,-0.0038481809782813237
2017-05-18 11:00:00,-0.0018721354828696857
2017-05-18 11:30:00,-4.5602281070422634e-05
2017-05-18 12:00:00,0.00187645948234616
2017-05-19 09:30:00,-0.0033414197058599937
2017-05-19 10:00:00,0.001930296658421371
2017-05-19 10:30:00,0.0009979729181452957
2017-05-19 11:00:00,0.0003614034400383215
2017-05-19 11:30:00,-0.0038320706590381226
2017-05-19 12:00:00,-0.006077970380464204
2017-05-19 12:30:00,-0.0067263242690684955
2017-05-19 13:00:00,0.0007158199628534145
2017-05-19 13:30:00,0.001144987316457069
2017-05-19 14:00:00,-0.0016603214339715455
2017-05-19 14:30:00,0.003274805266340497
2017-05-19 15:00:00,-6.962832239443273e-06
2017-05-19 15:30:00,-0.0002446759482394034
2017-05-22 09:30:00,0.006422106588807264
2017-05-22 10:00:00,-0.002717880926787486
2017-05-22 10:30:00,-0.003672969342632393
2017-05-22 11:00:00,-0.0005879601908729271
2017-05-22 11:30:00,0.001747088600685398
2017-05-22 12:00:00,-0.00036437460461846705
2017-05-22 12:30:00,-0.0005759542736880618
2017-05-22 13:00:00,-0.0014257970471662773
2017-05-22 13:30:00,-0.0013716142013621146
2017-05-22 14:00:00,-0.0005762138642920744
2017-05-22 14:30:00,0.0007163609310159025
2017-05-22 15:00:00,-0.003623527753298772
2017-05-22 15:30:00,-0.0007170220155972018
2017-05-23 09:30:00,-0.007676938604695316
2017-05-23 10:00:00,-0.010025948267335716
2017-05-23 10:30:00,-0.0027003460298339332
2017-05-23 11:00:00,0.0031663762957114816
2017-05-23 11:30:00,0.0009413014703645306
2017-05-23 12:00:00,0.001999914030707428
2017-05-23 12:30:00,7.899202932226679e-05
2017-05-23 13:00:00,0.001909677498945106
2017-05-23 13:30:00,0.003063621212385792
2017-05-23 14:00:00,0.002155111207801763
2017-05-23 14:30:00,8.073486488990866e-05
2017-05-23 15:00:00,-0.0038541474227798966
2017-05-23 15:30:00,-0.003806450101857428
2017-05-24 09:30:00,0.0018661924015448417
2017-05-24 10:00:00,-0.0014066362664023613
2017-05-24 10:30:00,0.0018801815011035838
2017-05-24 11:00:00,0.0026089030625155996
2017-05-24 11:30:00,-0.000938900696571876
2017-05-24 12:00:00,-0.002562047829452352
2017-05-24 12:30:00,-0.0029266169374397855
2017-05-24 13:00:00,-0.001980284420223133
2017-05-24 13:30:00,-0.006815285064652454
2017-05-24 14:00:00,0.003327661034666196
2017-05-24 14:30:00,-0.0006535344793269227
2017-05-24 15:00:00,-0.0015020771499310026
2017-05-24 15:30:00,0.0015694942740618334
2017-05-25 09:30:00,0.004284617616723496
2017-05-25 10:00:00,0.0008442478122683283
2017-05-25 10:30:00,0.0016222190705286188
2017-05-25 11:00:00,0.0017907806730763642
2017-05-25 11:30:00,0.0012220030475236232
2017-05-25 12:00:00,-0.000548608956015717
2017-05-25 12:30:00,-0.00028114287696212603
2017-05-25 13:00:00,0.0001286335900740898
2017-05-26 09:30:00,0.015907360101103274
2017-05-26 10:00:00,0.004559233114622918
2017-05-26 10:30:00,0.004149459569833258
2017-05-26 11:00:00,0.0004034346346708517
2017-05-26 11:30:00,-0.0003793517455213946
2017-05-26 12:00:00,0.0003159109767643109
2017-05-26 12:30:00,-0.001467138697910264
2017-05-26 13:00:00,0.00041687948438418054
2017-05-26 13:30:00,0.0006003015559103986
2017-05-26 14:00:00,0.0007479581644185274
2017-05-26 14:30:00,0.0007318871349430989
2017-05-26 15:00:00,0.0011124932603636672
2017-05-26 15:30:00,0.0008654480861300939
2017-05-29 09:30:00,0.0031126206762452924
2017-05-29 10:00:00,-0.0038257670174590697
2017-05-29 10:30:00,-0.009941560544112549
2017-05-29 11:00:00,0.0016436409863169743
2017-05-29 11:30:00,0.0005032367528732262
2017-05-29 12:00:00,-0.00016702412736402383
2017-05-29 12:30:00,0.0017554205322867222
2017-05-29 13:00:00,0.0005290838011939858
2017-05-29 13:30:00,-0.001880802458286146
2017-05-29 14:00:00,0.002095586519626602
2017-05-29 14:30:00,0.0020523906137766
2017-05-29 15:00:00,-0.0024950301887050053
2017-05-29 15:30:00,-0.0028142783614358846
2017-05-30 09:30:00,-0.0010965324315963532
2017-05-30 10:00:00,0.006399723241814481
2017-05-30 10:30:00,0.0003933477769131333
2017-05-30 11:00:00,-0.0015677370371555144
2017-05-30 11:30:00,0.0019145809165617145
2017-05-30 12:00:00,0.002107554778215892
2017-05-30 12:30:00,0.0007876971229465735
2017-05-30 13:00:00,-0.0015225769909676945
2017-05-30 13:30:00,0.0027070251880683127
2017-05-30 14:00:00,0.0004234111490228898
2017-05-30 14:30:00,-0.00029822582354877003
2017-05-30 15:00:00,0.0018538181836484924
2017-05-30 15:30:00,0.0007683452040345706
2017-05-31 09:30:00,0.003937201468274365
2017-05-31 10:00:00,0.0007242384884902364
2017-05-31 10:30:00,-0.0005059819210317951
2017-05-31 11:00:00,-0.00048545669360178234
2017-05-31 11:30:00,-0.0004839232769661139
2017-05-31 12:00:00,-0.0007326882793341483
2017-05-31 12:30:00,0.0010804311169363423
2017-05-31 13:00:00,0.00043616068959795307
2017-05-31 13:30:00,0.0008980683419739233
2017-05-31 14:00:00,-2.6634400889680165e-05
2017-05-31 14:30:00,0.0016793811378996715
2017-05-31 15:00:00,0.0016953608917147367
2017-05-31 15:30:00,-0.001578801153984788
2017-06-01 09:30:00,-0.0006600975981523316
2017-06-01 10:00:00,0.0014197043995045622
2017-06-01 10:30:00,-0.0010518414784322916
2017-06-01 11:00:00,0.00014078396285910344
2017-06-01 11:30:00,-0.00046912104257545995
2017-06-01 12:00:00,0.0008760899879567408
2017-06-01 12:30:00,-0.00023205998911268733
2017-06-01 13:00:00,-0.0017230900512160696
2017-06-01 13:30:00,0.0007991849832855724
2017-06-01 14:00:00,0.0007865876879700195
2017-06-01 14:30:00,0.0005429733292499073
2017-06-01 15:00:00,-0.0013009500357158421
2017-06-01 15:30:00,-7.999176362472049e-05
2017-06-02 09:30:00,0.0075570493395829
2017-06-02 10:00:00,-0.0027522604952919805
2017-06-02 10:30:00,-0.0018609811335654758
2017-06-02 11:00:00,0.0005405979692130192
2017-06-02 11:30:00,-0.0005673554262639602
2017-06-02 12:00:00,0.00042115341929505057
2017-06-02 12:30:00,0.0009103662971414739
2017-06-02 13:00:00,-0.00024867349344115386
2017-06-02 13:30:00,-0.0012593123354027735
2017-06-02 14:00:00,0.00012861642226802417
2017-06-02 14:30:00,0.0014842859075232528
2017-06-02 15:00:00,0.0012880988014549732
2017-06-02 15:30:00,-0.0003574505375022463
2017-06-05 09:30:00,-0.0003654526649420342
2017-06-05 10:00:00,0.0009690779717494991
2017-06-05 10:30:00,0.0013651594047714433
2017-06-05 11:00:00,0.0005515171382495243
2017-06-05 11:30:00,0.00037348333747533324
2017-06-05 12:00:00,0.0006398624599968095
2017-06-05 12:30:00,0.00012286978580999808
2017-06-05 13:00:00,-0.00022756137969859314
2017-06-05 13:30:00,-0.0018721126353821171
2017-06-05 14:00:00,0.0012772717299140979
2017-06-05 14:30:00,0.00026819084885620903
2017-06-05 15:00:00,0.0002882129367505204
2017-06-05 15:30:00,0.0006470361918748946
2017-06-06 09:30:00,0.0009998726114046619
2017-06-06 10:00:00,-0.002495938440343015
2017-06-06 10:30:00,0.0004591084499203646
2017-06-06 11:00:00,-0.0003022282467205484
2017-06-06 11:30:00,-0.0006647430100070739
2017-06-06 12:00:00,-0.00012153414515947425
2017-06-06 12:30:00,-0.002114001469542659
2017-06-06 13:00:00,-0.002278043953231723
2017-06-06 13:30:00,-0.0015302670976633514
2017-06-06 14:00:00,0.0019914322575362853
2017-06-06 14:30:00,0.00035772925856503157
2017-06-06 15:00:00,-0.0004792729502137716
2017-06-06 15:30:00,0.001381173807741387
2017-06-07 09:30:00,0.003433231015986582
2017-06-07 10:00:00,0.0009674773314285456
2017-06-07 10:30:00,0.0012126171949102815
2017-06-07 11:00:00,-0.0008258288836356931
2017-06-07 11:30:00,4.019614060490895e-06
2017-06-07 12:00:00,0.00012011609061701733
2017-06-07 12:30:00,0.0009018818716630683
2017-06-07 13:00:00,-0.0006160870062575929
2017-06-07 13:30:00,-0.0003934561718434981
2017-06-07 14:00:00,-9.289034491066772e-05
2017-06-07 14:30:00,-6.510006474491625e-05
2017-06-07 15:00:00,0.0008403568251831306
2017-06-07 15:30:00,0.0027728979057750625
2017-06-08 09:30:00,0.0048730731996313725
2017-06-08 10:00:00,-0.0032631790461827848
2017-06-08 10:30:00,0.0006206686653829063
2017-06-08 11:00:00,-0.0007236395743202007
2017-06-08 11:30:00,0.00027215073896202924
2017-06-08 12:00:00,0.0004351336253387572
2017-06-08 12:30:00,5.405129146884846e-05
2017-06-08 13:00:00,-3.788675002447395e-05
2017-06-08 13:30:00,0.0009318811677074823
2017-06-08 14:00:00,0.00019910808105438882
2017-06-08 14:30:00,0.00014692936592131112
2017-06-08 15:00:00,-0.0022860023027916343
2017-06-08 15:30:00,-0.0006704685842771063
2017-06-09 09:30:00,-0.001489270206339266
2017-06-09 10:00:00,1.5304869384502595e-05
2017-06-09 10:30:00,-9.464920701207635e-05
2017-06-09 11:00:00,0.0009573434706613426
2017-06-09 11:30:00,0.0002150946160999201
2017-06-09 12:00:00,7.168943989177556e-05
2017-06-09 12:30:00,0.0007949315744342211
2017-06-09 13:00:00,0.0009189489645606841
2017-06-09 13:30:00,0.00038254220330236066
2017-06-09 14:00:00,-0.0008500881080893974
2017-06-09 14:30:00,0.0027612616435610526
2017-06-09 15:00:00,0.0014961808491196216
2017-06-09 15:30:00,0.0015842848337668247
2017-06-12 09:30:00,-0.0022228385877289814
2017-06-12 10:00:00,0.0004288076437113375
2017-06-12 10:30:00,-0.00121628491701542
2017-06-12 11:00:00,0.0005782384016199682
2017-06-12 11:30:00,-0.0002477457681182571
2017-06-12 12:00:00,-0.0007928301354668266
2017-06-12 12:30:00,-0.0008773254633224203
2017-06-12 13:00:00,-0.00013345549393295464
2017-06-12 13:30:00,-0.0009809666524993599
2017-06-12 14:00:00,-0.0006737272469770073
2017-06-12 14:30:00,-0.0015254361662079274
2017-06-12 15:00:00,-0.0007144096497128105
2017-06-12 15:30:00,0.0006440063356230041
2017-06-13 09:30:00,0.00329073162019089
2017-06-13 10:00:00,0.0014755790659357615
2017-06-13 10:30:00,-0.0014014088239822087
2017-06-13 11:00:00,0.0012327396980462701
2017-06-13 11:30:00,0.0005038356117452736
2017-06-13 12:00:00,0.0006922592417195617
2017-06-13 12:30:00,0.0006825297260695251
2017-06-13 13:00:00,-0.0004632585634648523
2017-06-13 13:30:00,0.00042900442787985327
2017-06-13 14:00:00,0.0001483484739319696
2017-06-13 14:30:00,-0.001948366335655094
2017-06-13 15:00:00,-0.0015061097521407163
2017-06-13 15:30:00,-0.001722907416313313
2017-06-14 09:30:00,-0.0024762408187621876
2017-06-14 10:00:00,-0.00042703218816686483
2017-06-14 10:30:00,-0.00041649125445919477
2017-06-14 11:00:00,0.00044398222564567824
2017-06-14 11:30:00,0.0002244649002984822
2017-06-14 12:00:00,-0.00045017990499396365
2017-06-14 12:30:00,0.0005587972459759616
2017-06-14 13:00:00,0.0011545034747215688
2017-06-14 13:30:00,0.00043965765186904093
2017-06-14 14:00:00,0.0005605148945582172
2017-06-14 14:30:00,0.0017365806515006188
2017-06-14 15:00:00,0.000841756836036156
2017-06-14 15:30:00,2.442789728607231e-05
2017-06-15 09:30:00,0.001331050622526364
2017-06-15 10:00:00,0.0007996246922081784
2017-06-15 10:30:00,0.0014474644467328268
2017-06-15 11:00:00,0.000866270321830509
2017-06-15 11:30:00,0.00026817861422090417
2017-06-15 12:00:00,-0.0001667062511672146
2017-06-15 12:30:00,-0.0004043532839091979
2017-06-15 13:00:00,0.0002622245249521704
2017-06-15 13:30:00,-0.0010013478687180832
2017-06-15 14:00:00,0.0011170466207446328
2017-06-15 14:30:00,-0.0007733337933240048
2017-06-15 15:00:00,-0.000696298309780019
2017-06-15 15:30:00,0.0021403393826195938
2017-06-16 09:30:00,0.004220579634510058
2017-06-16 10:00:00,0.0010140365101634075
2017-06-16 10:30:00,0.0015033443793341927
2017-06-16 11:00:00,-0.000815298055715008
2017-06-16 11:30:00,-0.0023054425991648753
2017-06-16 12:00:00,-0.0001797390439371993
2017-06-16 12:30:00,0.00025212488767190067
2017-06-16 13:00:00,0.0009091056480170501
2017-06-16 13:30:00,0.00011553238327643989
2017-06-16 14:00:00,0.0005137779559474254
2017-06-16 14:30:00,-0.0008054521983535956
2017-06-16 15:00:00,-0.0012316447769836758
2017-06-16 15:30:00,0.0020849247939649374
2017-06-19 09:30:00,0.004180262220677022
2017-06-19 10:00:00,-0.0010505997288517976
2017-06-19 10:30:00,-0.001415189616230883
2017-06-19 11:00:00,0.0003596203605824577
2017-06-19 11:30:00,0.0005980949682515835
2017-06-19 12:00:00,0.0009929201157095058
2017-06-19 12:30:00,-0.00019206397204873937
2017-06-19 13:00:00,0.0004563867436422342
2017-06-19 13:30:00,-0.00019831414646009904
2017-06-19 14:00:00,0.0013316699145611288
2017-06-19 14:30:00,0.0011400993471479826
2017-06-19 15:00:00,0.0013070738879086274
2017-06-19 15:30:00,-0.0006103344589791782
2017-06-20 09:30:00,-0.0012617997175474738
2017-06-20 10:00:00,0.0008437513691195164
2017-06-20 10:30:00,0.0024280332331452215
2017-06-20 11:00:00,0.0006521912092025683
2017-06-20 11:30:00,1.2106345913531769e-05
2017-06-20 12:00:00,0.001064890422673992
2017-06-20 12:30:00,-0.0007332306697097613
2017-06-20 13:00:00,-0.0015570104312989663
2017-06-20 13:30:00,-0.0010405478701732696
2017-06-20 14:00:00,-0.0002640175235902875
2017-06-20 14:30:00,-0.000818495344038439
2017-06-20 15:00:00,0.0005261695258842458
2017-06-20 15:30:00,0.00059331514033234
2017-06-21 09:30:00,0.00013028167725481765
2017-06-21 10:00:00,-0.0002791850036718557
2017-06-21 10:30:00,0.002238054027448255
2017-06-21 11:00:00,1.5606395875389367e-05
2017-06-21 11:30:00,-0.00018067806096122574
2017-06-21 12:00:00,0.00033394746329884484
2017-06-21 12:30:00,0.0002696785128373236
2017-06-21 13:00:00,-0.0009174964829992138
2017-06-21 13:30:00,-0.0012190233595384958
2017-06-21 14:00:00,-0.0016021806731794097
2017-06-21 14:30:00,0.0015766934656291642
2017-06-21 15:00:00,0.0009329824708845802
2017-06-21 15:30:00,-0.0005916077293475208
2017-06-22 09:30:00,0.0038402156884473904
2017-06-22 10:00:00,0.00045321560186684096
2017-06-22 10:30:00,-0.00025776497453222635
2017-06-22 11:00:00,0.0007658630203644101
2017-06-22 11:30:00,0.0003397469652082208
2017-06-22 12:00:00,-0.0006763457379438398
2017-06-22 12:30:00,-0.0004590334651984884
2017-06-22 13:00:00,-0.0010981858726997196
2017-06-22 13:30:00,-0.00016348748307015715
2017-06-22 14:00:00,-0.0006963061701655837
2017-06-22 14:30:00,-0.0004590226796561403
2017-06-22 15:00:00,-0.0030918617529090975
2017-06-22 15:30:00,-0.0035877211666187625
2017-06-23 09:30:00,-0.0020852555310684195
2017-06-23 10:00:00,-0.004625003393512239
2017-06-23 10:30:00,-0.004515154352702999
2017-06-23 11:00:00,-0.00020238756028345684
2017-06-23 11:30:00,4.61532368365436e-05
2017-06-23 12:00:00,-0.0036572600608667516
2017-06-23 12:30:00,0.001313851207004113
2017-06-23 13:00:00,0.0022042783428541934
2017-06-23 13:30:00,0.00253836719557321
2017-06-23 14:00:00,-0.0003229196577718696
2017-06-23 14:30:00,0.0016456682185221894
2017-06-23 15:00:00,-0.001226850644129418
2017-06-23 15:30:00,-0.002225043247718994
2017-06-27 09:30:00,0.0005786859376182285
2017-06-27 10:00:00,-0.006144360721392128
2017-06-27 10:30:00,-0.0009436266644705649
2017-06-27 11:00:00,-0.001442008506623682
2017-06-27 11:30:00,0.0009695499136066488
2017-06-27 12:00:00,0.000914571243004092
2017-06-27 12:30:00,0.0007256755572406792
2017-06-27 13:00:00,-0.0011708929534138823
2017-06-27 13:30:00,0.0006148753221670855
2017-06-27 14:00:00,-0.0028885602709728397
2017-06-27 14:30:00,-0.0029757796393756752
2017-06-27 15:00:00,0.0008151151132722578
2017-06-27 15:30:00,0.003974484230397479
2017-06-28 09:30:00,-0.003319456622881356
2017-06-28 10:00:00,0.002477973474428241
2017-06-28 10:30:00,-0.001259469392892898
2017-06-28 11:00:00,0.0031844044068407573
2017-06-28 11:30:00,-0.0001182843454242688
2017-06-28 12:00:00,0.001118036711562631
2017-06-28 12:30:00,-0.0007660451720710171
2017-06-28 13:00:00,-0.0013145082040505462
2017-06-28 13:30:00,-0.0013375512326434524
2017-06-28 14:00:00,-0.0015522024022155412
2017-06-28 14:30:00,0.0020591755119343524
2017-06-28 15:00:00,0.0008431009944189771
2017-06-28 15:30:00,2.4120866616517134e-05
2017-06-29 09:30:00,0.007399529550012218
2017-06-29 10:00:00,0.0015986594337999982
2017-06-29 10:30:00,-7.764193898962546e-05
2017-06-29 11:00:00,0.00023806127484915507
2017-06-29 11:30:00,0.0008231371772851048
2017-06-29 12:00:00,0.000729657685583307
2017-06-29 12:30:00,0.00035725219336879555
2017-06-29 13:00:00,-0.0007031245747990411
2017-06-30 09:30:00,-0.012397439462012327
2017-06-30 10:00:00,-0.0009827568513582907
2017-06-30 10:30:00,0.0011350165196719608
2017-06-30 11:00:00,0.000557014566296532
2017-06-30 11:30:00,0.000632810964512398
2017-06-30 12:00:00,0.0007852456493151472
2017-06-30 12:30:00,0.0011658226335515831
2017-06-30 13:00:00,-0.0005265492387060977
2017-06-30 13:30:00,0.0008148813588777504
2017-06-30 14:00:00,-0.001245810595801644
2017-06-30 14:30:00,-0.0016377392155827453
2017-06-30 15:00:00,0.0022819699687766093
2017-06-30 15:30:00,0.0023714903890434957
2017-07-05 09:30:00,-0.2763077521123205
2017-07-05 10:00:00,0.0014601720652878125
2017-07-05 10:30:00,0.0022366911838953563
2017-07-05 11:00:00,0.000545369310834154
2017-07-05 11:30:00,4.248272299700595e-05
2017-07-05 12:00:00,-0.00036998192400694574
2017-07-05 12:30:00,-0.0006924770087590737
2017-07-05 13:00:00,0.0005287241697584655
2017-07-05 13:30:00,0.001636410592048776
2017-07-05 14:00:00,-0.0005514829915542752
2017-07-05 14:30:00,0.0008415629456304252
2017-07-05 15:00:00,0.0008830307420994998
2017-07-05 15:30:00,0.0018155519981697399
2017-07-11 09:30:00,0.4174153914869059
2017-07-11 10:00:00,0.0006544303073356961
2017-07-11 10:30:00,-0.0007877366190448543
2017-07-11 11:00:00,-0.0008754954297174322
2017-07-11 11:30:00,0.0006561998845060479
2017-07-11 12:00:00,0.000700755116419316
2017-07-11 12:30:00,0.0003118618727149247
2017-07-11 13:00:00,0.000556991086985148
2017-07-11 13:30:00,-0.0008736028969019705
2017-07-11 14:00:00,-0.0016068851175298215
2017-07-11 14:30:00,-0.00010602749798804822
2017-07-11 15:00:00,-0.003356176962044044
2017-07-11 15:30:00,-0.003741113968624754
2017-07-12 09:30:00,0.0041721657070818985
2017-07-12 10:00:00,0.00024305721297745997
2017-07-12 10:30:00,-0.002950713938437488
2017-07-12 11:00:00,0.000684260855483565
2017-07-12 11:30:00,-0.0009618118304255407
2017-07-12 12:00:00,-0.0008613319429076061
2017-07-12 12:30:00,-0.0008131873547960744
2017-07-12 13:00:00,0.0026811897585972133
2017-07-12 13:30:00,0.00042482898843410055
2017-07-12 14:00:00,0.00048791075200260714
2017-07-12 14:30:00,0.0011268351629545315
2017-07-12 15:00:00,0.0010905767683493384
2017-07-12 15:30:00,0.0014009301097086535
2017-07-13 09:30:00,0.00572122212565529
2017-07-13 10:00:00,0.0011383968914495668
2017-07-13 10:30:00,0.0011946912879288174
2017-07-13 11:00:00,0.00046837484627748616
2017-07-13 11:30:00,-0.00038974757496235135
2017-07-13 12:00:00,-0.00203585223222591
2017-07-14 09:30:00,0.002590343551746477
2017-07-14 10:00:00,0.0017904172476173041
2017-07-14 10:30:00,5.441436504582953e-05
2017-07-14 11:00:00,-0.0015959999455504859
2017-07-14 11:30:00,-0.0004489303825980784
2017-07-14 12:00:00,0.00169020442748824
2017-07-14 12:30:00,0.0012090687029291391
2017-07-14 13:00:00,0.00018392284631674194
2017-07-14 13:30:00,0.0005644512799496404
2017-07-14 14:00:00,-0.0007716604646831327
2017-07-14 14:30:00,0.001196462065330861
2017-07-14 15:00:00,0.0010813334261077223
2017-07-14 15:30:00,0.0018686747506404533
2017-07-17 09:30:00,0.0015794036262857247
2017-07-17 10:00:00,-0.0028094157409574994
2017-07-17 10:30:00,0.0011063295780551208
2017-07-17 11:00:00,0.0012545553427227851
2017-07-17 11:30:00,0.00037686534555847473
2017-07-17 12:00:00,-0.00010230529800758781
2017-07-17 12:30:00,0.0008176931394223708
2017-07-17 13:00:00,0.0008578880112080078
2017-07-17 13:30:00,0.001200618378065288
2017-07-17 14:00:00,0.00028123668475332764
2017-07-17 14:30:00,3.880196207162179e-05
2017-07-17 15:00:00,0.0003380924383857842
2017-07-17 15:30:00,-0.0007383233118897214
2017-07-18 09:30:00,-3.522273019873623e-05
2017-07-18 10:00:00,8.657528264022218e-05
2017-07-18 10:30:00,0.0002744653818753662
2017-07-18 11:00:00,-0.0005843439313568677
2017-07-18 11:30:00,-0.0025580386284703716
2017-07-18 12:00:00,0.00035263979239474885
2017-07-18 12:30:00,-0.0007508912628023667
2017-07-18 13:00:00,1.5082359715812288e-05
2017-07-18 13:30:00,-0.00044386911387650496
2017-07-18 14:00:00,0.0007437849597988766
2017-07-18 14:30:00,0.0007975170531697717
2017-07-18 15:00:00,-0.004053851851741674
2017-07-18 15:30:00,-0.0008625540870527137
2017-07-19 09:30:00,0.004339445124658781
2017-07-19 10:00:00,0.0008476137424089369
2017-07-19 10:30:00,0.0008194154144123278
2017-07-19 11:00:00,0.0007945209630277894
2017-07-19 11:30:00,-0.0004993744031885905
2017-07-19 12:00:00,0.0005307472762423604
2017-07-19 12:30:00,0.0011350629358171105
2017-07-19 13:00:00,0.0005495127965833291
2017-07-19 13:30:00,-0.00138278650071888
2017-07-19 14:00:00,-0.0010961349069096293
2017-07-19 14:30:00,0.00019998863270331846
2017-07-19 15:00:00,0.0012900417029853006
2017-07-19 15:30:00,0.0009442087641766683
2017-07-20 09:30:00,0.004145790118988968
2017-07-20 10:00:00,0.0002980047992546808
2017-07-20 10:30:00,0.0005014813161701159
2017-07-20 11:00:00,0.0001596328056803209
2017-07-20 11:30:00,-6.495107711801396e-05
2017-07-20 12:00:00,-0.000826485520286302
2017-07-20 12:30:00,-0.0016324504777472937
2017-07-20 13:00:00,-0.001608661393557087
2017-07-20 13:30:00,0.0007954381127550647
2017-07-20 14:00:00,0.0006137753332993157
2017-07-20 14:30:00,-0.0016086583502306073
2017-07-20 15:00:00,0.00013311274657601402
2017-07-20 15:30:00,-0.000333147746783502
2017-07-21 09:30:00,0.0013988740032853109
2017-07-21 10:00:00,0.0010130792385874
2017-07-21 10:30:00,0.0008489397272075649
2017-07-21 11:00:00,-0.0007091204971003684
2017-07-21 11:30:00,-0.0007883363400829069
2017-07-21 12:00:00,-0.0008611880325795074
2017-07-21 12:30:00,-0.002748309522197623
2017-07-21 13:00:00,-0.0011685896455979616
2017-07-21 13:30:00,-0.005382465020223104
2017-07-21 14:00:00,0.0023865632573492057
2017-07-21 14:30:00,0.0020797136927486193
2017-07-21 15:00:00,0.003273388700696156
2017-07-21 15:30:00,0.0012983833345976414
2017-07-24 09:30:00,0.0010475881058784609
2017-07-24 10:00:00,0.001619444078775123
2017-07-24 10:30:00,0.0016831359589633
2017-07-24 11:00:00,0.0010925987262002668
2017-07-24 11:30:00,-3.8960243393448835e-05
2017-07-24 12:00:00,0.0004604376452650438
2017-07-24 12:30:00,0.000555783673204191
2017-07-24 13:00:00,0.0005887430497404367
2017-07-24 13:30:00,-0.0008944526148262355
2017-07-24 14:00:00,0.000466010739721634
2017-07-24 14:30:00,0.0009832308380053334
2017-07-24 15:00:00,-0.00203887162710481
2017-07-24 15:30:00,-0.0005782021910415436
2017-07-25 09:30:00,0.0036595651765993775
2017-07-25 10:00:00,-0.000560252521745741
2017-07-25 10:30:00,-0.0007095892228247136
2017-07-25 11:00:00,-0.0007752989296272439
2017-07-25 11:30:00,0.0004451590143910167
2017-07-25 12:00:00,-0.0005526519469121194
2017-07-25 12:30:00,0.000557782067469148
2017-07-25 13:00:00,0.0004825399664443175
2017-07-25 13:30:00,-0.00042528501216809733
2017-07-25 14:00:00,0.0013151682336391968
2017-07-25 14:30:00,0.001113368549201077
2017-07-25 15:00:00,0.00027719838812068076
2017-07-25 15:30:00,-0.00012595887415856044
2017-07-26 09:30:00,0.0015425778780810973
2017-07-26 10:00:00,0.0012513972794101491
2017-07-26 10:30:00,0.0005297665716677002
2017-07-26 11:00:00,0.0013653186959039498
2017-07-26 11:30:00,-0.0005923368326856693
2017-07-26 12:00:00,0.0012240621536052654
2017-07-26 12:30:00,0.0002778978160724588
2017-07-26 13:00:00,-0.0008410618936439684
2017-07-26 13:30:00,-0.001965783045065894
2017-07-26 14:00:00,6.135892855185787e-05
2017-07-26 14:30:00,-0.00018762015114393016
2017-07-26 15:00:00,-0.00011349903641511006
2017-07-26 15:30:00,0.0012111985633092015
2017-07-27 09:30:00,0.0056271940192271774
2017-07-27 10:00:00,0.00010893618420348972
2017-07-27 10:30:00,6.171318543746196e-06
2017-07-27 11:00:00,0.001444917143583968
2017-07-27 11:30:00,0.0005133943739414892
2017-07-27 12:00:00,-0.0001329704319106284
2017-07-27 12:30:00,-0.00046176012446119685
2017-07-27 13:00:00,-0.002764640029252252
2017-07-28 09:30:00,-0.006666348783762821
2017-07-28 10:00:00,0.0034219397257846396
2017-07-28 10:30:00,0.002173898301805144
2017-07-28 11:00:00,0.0008087198909902948
2017-07-28 11:30:00,-0.0005271409733703658
2017-07-28 12:00:00,0.00013965306828556123
2017-07-28 12:30:00,-3.20591166232953e-05
2017-07-28 13:00:00,-0.001989877708974408
2017-07-28 13:30:00,-0.00020447660068101392
2017-07-28 14:00:00,-0.0016655355154348017
2017-07-28 14:30:00,0.0009776250545898701
2017-07-28 15:00:00,-0.0004082953698606451
2017-07-28 15:30:00,0.0028842258294778933
2017-08-01 09:30:00,0.006278543463177355
2017-08-01 10:00:00,0.00039344994412249257
2017-08-01 10:30:00,0.0006091768122324925
2017-08-01 11:00:00,0.0007556691261831894
2017-08-01 11:30:00,-0.0012444372199348352
2017-08-01 12:00:00,0.0010269210613336188
2017-08-01 12:30:00,0.0006534350055986682
2017-08-01 13:00:00,0.0006700955146468068
2017-08-01 13:30:00,-0.0007121062201149719
2017-08-01 14:00:00,0.0005014929019531156
2017-08-01 14:30:00,0.0009424854713111497
2017-08-01 15:00:00,-0.0009654494514497181
2017-08-01 15:30:00,0.002430493244714338
2017-08-02 09:30:00,0.001941702306847759
2017-08-02 10:00:00,-0.00011785036688749528
2017-08-02 10:30:00,-0.0013159490136968044
2017-08-02 11:00:00,-0.0013010426606532288
2017-08-02 11:30:00,0.00039927436736686417
2017-08-02 12:00:00,0.000610188647718557
2017-08-02 12:30:00,0.0010605632804681075
2017-08-02 13:00:00,7.513178651130659e-05
2017-08-02 13:30:00,-0.000669912113291482
2017-08-02 14:00:00,0.0012916293635372167
2017-08-02 14:30:00,-0.000580042290824756
2017-08-02 15:00:00,-0.000578600668630358
2017-08-02 15:30:00,0.0010789280144605229
2017-08-03 09:30:00,-0.0018838501991134127
2017-08-03 10:00:00,0.001144409735449603
2017-08-03 10:30:00,-0.0030103425184271337
2017-08-03 11:00:00,-0.0010930165711785511
2017-08-03 11:30:00,0.001451737809151643
2017-08-03 12:00:00,0.000310384437975042
2017-08-03 12:30:00,0.000972646629449736
2017-08-03 13:00:00,0.0009140070873059347
2017-08-03 13:30:00,-0.00024213890862767595
2017-08-03 14:00:00,-0.000991913253472143
2017-08-03 14:30:00,-7.29422358014542e-06
2017-08-03 15:00:00,-0.004896761890320733
2017-08-03 15:30:00,0.0004827473342661204
2017-08-04 09:30:00,-0.001648481921298517
2017-08-04 10:00:00,0.0024405918909069513
2017-08-04 10:30:00,0.0004920382935700296
2017-08-04 11:00:00,-0.0023893733670257156
2017-08-04 11:30:00,-0.0009541814344041777
2017-08-04 12:00:00,0.0007172711937164511
2017-08-04 12:30:00,0.0018211474950244888
2017-08-04 13:00:00,0.0019130979176835705
2017-08-04 13:30:00,-0.00012576181877232973
2017-08-04 14:00:00,0.0016295377058030969
2017-08-04 14:30:00,0.0014976481657997809
2017-08-04 15:00:00,0.001233705086648662
2017-08-04 15:30:00,0.0022863090142939413
2017-08-08 09:30:00,0.011144243114328045
2017-08-08 10:00:00,-0.0034106046242066146
2017-08-08 10:30:00,-0.007278396069279158
2017-08-08 11:00:00,0.0008055025165309981
2017-08-08 11:30:00,0.0032122081867731467
2017-08-08 12:00:00,0.001288748131418327
2017-08-08 12:30:00,-0.0001747465678263449
2017-08-08 13:00:00,0.0006145155330601337
2017-08-08 13:30:00,0.000396381012277347
2017-08-08 14:00:00,-0.0026917692913055458
2017-08-08 14:30:00,-0.00017644821533013832
2017-08-08 15:00:00,-0.0017953468892900615
2017-08-08 15:30:00,-0.0014100461356751914
2017-08-09 09:30:00,-0.006979494970077549
2017-08-09 10:00:00,0.002242590492555374
2017-08-09 10:30:00,0.002878744934616151
2017-08-09 11:00:00,-0.0001142123164128428
2017-08-09 11:30:00,-8.839649850644893e-05
2017-08-09 12:00:00,-0.0022806183938383073
2017-08-09 12:30:00,-0.0003222219317658981
2017-08-09 13:00:00,-9.36608014745488e-06
2017-08-09 13:30:00,-0.0013243169608828653
2017-08-09 14:00:00,-0.003012749851333818
2017-08-09 14:30:00,-0.0010362644094551454
2017-08-09 15:00:00,0.003382336514168305
2017-08-09 15:30:00,-0.005570148257394436
2017-08-10 09:30:00,-0.0028885250128728446
2017-08-10 10:00:00,-0.00398127893880007
2017-08-10 10:30:00,-0.002151886033007533
2017-08-10 11:00:00,0.0006662261370673495
2017-08-10 11:30:00,0.004317453070486144
2017-08-10 12:00:00,-3.779221918398523e-05
2017-08-10 12:30:00,-0.0002508696322210957
2017-08-10 13:00:00,-0.0016451796293236454
2017-08-10 13:30:00,-0.003311297010604064
2017-08-10 14:00:00,-0.004754444516961609
2017-08-10 14:30:00,-0.00043504719337228437
2017-08-10 15:00:00,-0.011280810456962387
2017-08-10 15:30:00,0.003193297661643113
2017-08-11 09:30:00,-0.015286099517937135
2017-08-11 10:00:00,0.0008450759453295653
2017-08-11 10:30:00,0.0033112536778248103
2017-08-11 11:00:00,0.004434153419633047
2017-08-11 11:30:00,0.0022449942471769457
2017-08-11 12:00:00,0.0016638039771532664
2017-08-11 12:30:00,0.000330856778125721
2017-08-11 13:00:00,-0.0030180421383652067
2017-08-11 13:30:00,-0.00019105662277840718
2017-08-11 14:00:00,-0.0010299820407151383
2017-08-11 14:30:00,-0.004252270300544647
2017-08-11 15:00:00,-0.0010005772186244544
2017-08-11 15:30:00,0.002612988386181403
2017-08-14 09:30:00,0.014961789891674515
2017-08-14 10:00:00,0.00117024269996846
2017-08-14 10:30:00,-0.00044724132679041517
2017-08-14 11:00:00,0.0008458440227199215
2017-08-14 11:30:00,0.0004461755852642746
2017-08-14 12:00:00,0.0009821836532735162
2017-08-14 12:30:00,0.00019491953219730185
2017-08-14 13:00:00,-5.524281761404293e-05
2017-08-14 13:30:00,0.0013580628034901565
2017-08-14 14:00:00,0.00032952617026982267
2017-08-14 14:30:00,0.0011570901591928529
2017-08-14 15:00:00,0.002289940894492304
2017-08-14 15:30:00,-0.0004502473036361865
2017-08-16 09:30:00,0.0025476842717273573
2017-08-16 10:00:00,-0.004696560983678211
2017-08-16 10:30:00,0.0011566395765973958
2017-08-16 11:00:00,0.0016778420191962962
2017-08-16 11:30:00,-0.00013238803219728368
2017-08-16 12:00:00,-0.0010681279555875278
2017-08-16 12:30:00,0.0026184695293118843
2017-08-16 13:00:00,0.0027048793255972647
2017-08-16 13:30:00,0.0023319171685787232
2017-08-16 14:00:00,0.0016053310545847133
2017-08-16 14:30:00,-0.000521430458710781
2017-08-16 15:00:00,0.002000156010052434
2017-08-16 15:30:00,0.0017193153524912574
2017-08-17 09:30:00,0.0036174899015830597
2017-08-17 10:00:00,0.0037151311208312165
2017-08-17 10:30:00,-0.0014223067551494273
2017-08-17 11:00:00,0.00045817395209368783
2017-08-17 11:30:00,-0.0035701945299105864
2017-08-17 12:00:00,-0.0007445344976290125
2017-08-17 12:30:00,0.0006692508067540626
2017-08-17 13:00:00,0.0015161347736187825
2017-08-17 13:30:00,-0.0009493426980548003
2017-08-17 14:00:00,-0.001058813370411027
2017-08-17 14:30:00,-0.00012519575984715203
2017-08-17 15:00:00,6.007987417855354e-05
2017-08-17 15:30:00,-0.002203391980985514
2017-08-18 09:30:00,-0.007638867865764176
2017-08-18 10:00:00,-0.00044982412428773433
2017-08-18 10:30:00,0.0033590580233555656
2017-08-18 11:00:00,0.00038863512426412505
2017-08-18 11:30:00,0.0004958076295407121
2017-08-18 12:00:00,-0.0010289316285390093
2017-08-18 12:30:00,-0.001742561013727717
2017-08-18 13:00:00,-0.001822138748112101
2017-08-18 13:30:00,-0.0008596963162262883
2017-08-18 14:00:00,0.0009049748984415462
2017-08-18 14:30:00,0.001055711715642893
2017-08-18 15:00:00,0.0039081017439404064
2017-08-18 15:30:00,0.0022200941475831737
2017-08-21 09:30:00,0.005736269681528183
2017-08-21 10:00:00,-0.0015392314387336903
2017-08-21 10:30:00,0.0008524592619627569
2017-08-21 11:00:00,-0.0030731209486395406
2017-08-21 11:30:00,0.0005487877058991675
2017-08-21 12:00:00,-0.0010455565551968915
2017-08-21 12:30:00,-0.0012125046873899814
2017-08-21 13:00:00,0.00014269613017825478
2017-08-21 13:30:00,-0.0017326501764322044
2017-08-21 14:00:00,-0.00046604251705850697
2017-08-21 14:30:00,-0.003525887556383611
2017-08-21 15:00:00,-0.0020292994403333653
2017-08-21 15:30:00,-0.005202163632296197
2017-08-22 09:30:00,0.006890404249623172
2017-08-22 10:00:00,-0.006276043452266178
2017-08-22 10:30:00,-0.0026742521768902128
2017-08-22 11:00:00,-0.0004917428214099573
2017-08-22 11:30:00,0.002089872733181064
2017-08-22 12:00:00,0.00040589152449888033
2017-08-22 12:30:00,0.0015814487719694181
2017-08-22 13:00:00,0.0007034196329049891
2017-08-22 13:30:00,-0.0023317773651032603
2017-08-22 14:00:00,-0.0008414003153869309
2017-08-22 14:30:00,-0.0046175996335077185
2017-08-22 15:00:00,0.0012883497349855944
2017-08-22 15:30:00,-0.0002816945117134484
2017-08-23 09:30:00,0.006589134245636341
2017-08-23 10:00:00,5.646131043435254e-05
2017-08-23 10:30:00,0.000299460691362885
2017-08-23 11:00:00,0.0007256948441758393
2017-08-23 11:30:00,0.0012180422841747696
2017-08-23 12:00:00,0.00015466796385621429
2017-08-23 12:30:00,0.0010525817543824978
2017-08-23 13:00:00,-0.0011293693823072326
2017-08-23 13:30:00,-0.0011785942481569167
2017-08-23 14:00:00,0.0001520416328391061
2017-08-23 14:30:00,0.001941108849298434
2017-08-23 15:00:00,0.005032153009072893
2017-08-23 15:30:00,0.003726431542724562
2017-08-24 09:30:00,0.0005788219098392666
2017-08-24 10:00:00,0.0009453356730524387
2017-08-24 10:30:00,-0.00033391083832268187
2017-08-24 11:00:00,-0.00028596043475626054
2017-08-24 11:30:00,-0.00010994231497707396
2017-08-24 12:00:00,0.0007597002478019199
2017-08-24 12:30:00,-0.0012700422277136525
2017-08-24 13:00:00,0.0014461729924200029
2017-08-24 13:30:00,-0.00025705179192792027
2017-08-24 14:00:00,-0.001048710009908027
2017-08-24 14:30:00,0.0008298919403990634
2017-08-24 15:00:00,0.0012046769557696457
2017-08-24 15:30:00,0.0005591858465874289
2017-08-28 09:30:00,0.004622025824844389
2017-08-28 10:00:00,0.0012723786782626867
2017-08-28 10:30:00,6.0560964355360625e-05
2017-08-28 11:00:00,0.0012760390659793952
2017-08-28 11:30:00,-0.0001481357973329711
2017-08-28 12:00:00,0.0005348647276928187
2017-08-28 12:30:00,0.001329851571858942
2017-08-28 13:00:00,-0.0006751518861719541
2017-08-28 13:30:00,-0.0011363374332057363
2017-08-28 14:00:00,-0.00033242213119122344
2017-08-28 14:30:00,0.0005159012053708167
2017-08-28 15:00:00,0.00039998769025051395
2017-08-28 15:30:00,0.0007218839033782398
2017-08-29 09:30:00,-0.003913867241689961
2017-08-29 10:00:00,-0.00033467596948744127
2017-08-29 10:30:00,-0.0009344483214516197
2017-08-29 11:00:00,-0.000593778901173847
2017-08-29 11:30:00,-0.0010351997845644556
2017-08-29 12:00:00,0.0011698874523731195
2017-08-29 12:30:00,0.00038772319456303883
2017-08-29 13:00:00,-0.0017738469266249668
2017-08-29 13:30:00,-0.002968575282798036
2017-08-29 14:00:00,-0.0034047890646237144
2017-08-29 14:30:00,-0.0006668196303345475
2017-08-29 15:00:00,-0.0010350517297182948
2017-08-29 15:30:00,3.0887231801335346e-05
2017-08-30 09:30:00,0.011320811923374974
2017-08-30 10:00:00,0.0014086048679959884
2017-08-30 10:30:00,0.00024170812113188944
2017-08-30 11:00:00,0.0003208238588432444
2017-08-30 11:30:00,0.0017710115131281956
2017-08-30 12:00:00,0.0009501419435442582
2017-08-30 12:30:00,0.00022760560985157774
2017-08-30 13:00:00,-0.0005017247313003903
2017-08-30 13:30:00,0.0004246565099625954
2017-08-30 14:00:00,0.00036692100954094364
2017-08-30 14:30:00,-0.00024502984100471803
2017-08-30 15:00:00,-0.0007627789289529341
2017-08-30 15:30:00,0.0012679174558605233
2017-08-31 09:30:00,0.00015935115147547307
2017-08-31 10:00:00,-0.0007238567432331644
2017-08-31 10:30:00,0.0008103221969368857
2017-08-31 11:00:00,-0.0004392940353210584
2017-08-31 11:30:00,2.2673616761226256e-05
2017-08-31 12:00:00,-0.0005375092488358879
